layer_head,Position,position_first_third,position_middle_third,position_last_third,ARID,ARID&Homeo domain factors,Basic helix-loop-helix factors (bHLH),Basic helix-span-helix factors (bHSH),Basic leucine zipper factors (bZIP),Basic leucine zipper factors (bZIP)&SAND domain factors,C2CH THAP-type zinc finger factors,C2H2 zinc finger factors,CRC domain,DM-type intertwined zinc finger factors,Fork head/winged helix factors,GC,GCM domain factors,Grainyhead domain factors,Heat shock factors,Heteromeric CCAAT-binding factors,High-mobility group (HMG) domain factors,Homeo domain factors,Homeo domain factors&High-mobility group (HMG) domain factors,Homeo domain factors&Paired box factors,MADS box factors,Nuclear receptors with C4 zinc fingers,Other C4 zinc finger-type factors,Other C4 zinc finger-type factors&Basic helix-loop-helix factors (bHLH),Paired box factors,Rel homology region (RHR) factors,Runt domain factors,SAND domain factors,SMAD/NF-1 DNA-binding domain factors,STAT domain factors,T-Box factors,TATA-binding proteins,TEA domain factors,TSS,Tryptophan cluster factors,p53 domain factors,phyloP,repeat_DNA,repeat_LINE,repeat_LTR,repeat_SINE,repeat_Simple_repeat
layer0-head0,2,5,-10,5,0,0,0,0,0,0,0,1,0,0,0,-3,0,0,0,0,0,0,0,0,0,0,0,0,0,-1,0,0,0,0,0,0,0,0,0,0,0,0,0,0,0,0
layer0-head1,1,4,-10,6,0,0,0,0,0,0,0,0,0,0,0,-7,0,0,0,0,0,0,-1,0,0,0,0,0,-1,-1,0,0,0,0,0,0,0,0,0,-1,0,-1,0,0,0,0
layer0-head2,-3,9,-10,1,0,1,0,0,0,-1,0,0,0,0,0,8,0,0,0,0,0,0,0,0,0,0,0,0,0,0,0,0,0,0,0,0,0,1,0,0,-1,1,0,0,0,0
layer0-head3,2,-2,1,1,0,0,0,0,0,0,0,0,0,0,0,10,0,0,0,0,0,0,0,0,0,0,0,0,0,0,0,0,0,0,0,0,0,0,0,0,0,0,0,0,0,0
layer0-head4,4,-4,10,-6,-1,0,0,0,0,0,0,1,0,0,0,0,0,0,0,0,0,0,0,0,0,0,1,1,0,0,0,0,0,0,0,-1,0,0,1,0,0,0,0,0,0,0
layer0-head5,3,0,-10,9,0,0,0,0,0,0,0,0,-1,0,0,10,0,0,0,0,0,0,0,0,0,0,-1,0,0,0,0,0,0,0,0,0,0,0,0,-1,0,1,-1,0,0,1
layer0-head6,7,-7,1,6,0,0,1,0,1,0,0,0,0,0,0,10,0,0,0,0,0,0,0,0,0,0,0,0,0,0,0,0,0,0,0,0,0,-1,0,0,0,0,0,0,0,1
layer0-head7,5,-8,7,1,0,0,0,0,0,0,0,0,0,0,-1,10,0,0,0,0,-1,0,0,0,-1,0,0,0,0,0,0,0,0,0,0,-1,0,0,0,0,0,0,0,0,-1,0
layer0-head8,7,-8,3,5,-1,0,0,0,0,0,0,0,0,0,0,10,1,0,0,0,0,0,0,0,0,0,0,0,0,0,0,0,0,0,0,-1,0,0,0,0,0,1,-1,0,0,0
layer0-head9,0,4,-10,6,0,0,0,0,0,0,0,0,0,0,0,1,0,0,0,0,0,0,0,0,0,0,0,0,0,0,0,0,0,0,0,0,0,0,0,0,0,0,-1,0,0,0
layer0-head10,6,-8,10,-2,0,0,0,0,0,1,0,0,0,0,0,6,0,1,0,0,0,0,0,0,0,0,0,0,0,0,0,0,1,0,0,-1,1,0,0,0,0,0,0,0,0,0
layer0-head11,4,-4,-1,4,0,0,0,0,0,0,0,0,0,0,0,10,0,0,0,0,0,0,0,0,0,0,0,0,0,0,0,0,0,0,0,0,0,0,0,0,0,0,0,1,0,0
layer1-head0,9,-10,4,6,0,0,0,0,1,0,0,0,0,0,0,4,0,0,0,0,0,0,0,0,0,0,0,0,0,0,0,0,0,0,0,0,0,-1,0,0,0,0,0,0,-1,0
layer1-head1,8,-5,-5,10,0,0,0,0,0,0,0,0,0,0,0,9,0,0,0,0,0,0,-1,0,0,0,0,0,0,0,0,0,0,0,0,1,0,0,0,0,0,2,0,-1,-3,0
layer1-head2,6,-3,-2,5,0,0,0,0,0,0,0,0,0,0,0,10,0,0,0,0,0,0,-1,0,0,0,0,0,0,0,0,0,0,0,0,0,0,0,0,1,0,1,-1,0,-1,0
layer1-head3,-2,8,-10,2,0,0,0,0,0,0,0,0,0,0,0,10,0,0,0,0,0,0,-1,0,0,0,0,0,0,1,1,0,0,0,0,0,0,0,0,0,0,0,0,-1,-2,0
layer1-head4,6,2,-10,8,0,0,0,0,0,0,0,0,0,0,0,4,0,0,0,0,0,0,0,0,0,0,0,0,0,0,0,0,1,0,0,0,0,0,0,0,0,1,-1,-1,-1,0
layer1-head5,9,-8,-2,10,0,0,0,0,1,0,0,0,0,0,0,8,1,0,0,0,0,0,0,0,0,0,0,0,0,1,0,0,0,0,0,0,0,0,0,0,0,0,0,0,-1,0
layer1-head6,7,-2,-8,10,0,0,0,0,0,0,0,0,0,0,0,5,0,0,0,0,0,0,-1,0,0,0,0,0,-1,0,0,0,0,0,0,1,0,-1,0,0,0,0,0,0,-2,0
layer1-head7,10,-5,-5,10,0,0,0,0,0,0,1,0,0,0,0,9,0,0,0,0,0,0,0,0,0,0,0,0,-1,0,0,0,0,0,0,1,0,-1,0,0,0,0,0,0,-2,0
layer1-head8,-10,8,1,-9,0,0,0,0,0,0,0,0,0,0,0,7,0,0,0,0,0,0,0,0,0,0,0,0,0,0,0,0,0,0,0,0,0,0,0,0,-1,0,0,0,0,0
layer1-head9,9,-5,-5,10,0,0,0,0,0,0,0,0,0,0,0,1,0,0,0,0,0,0,0,0,0,0,0,1,0,0,1,0,0,0,0,0,0,0,0,0,1,0,0,-1,-1,0
layer1-head10,10,0,0,0,0,0,0,0,3,0,0,0,0,4,0,-4,0,0,0,0,0,4,-5,0,0,0,0,0,-5,0,0,5,0,0,0,0,0,-4,0,0,0,0,0,0,-6,0
layer1-head11,-10,8,-2,-6,0,0,0,0,0,0,0,0,0,0,0,3,0,0,0,0,0,0,-1,0,0,0,0,0,0,0,0,0,0,0,0,0,0,0,0,0,0,0,0,0,0,0
layer2-head0,-10,6,3,-9,0,-1,0,0,0,0,0,0,0,0,0,-8,0,0,1,0,0,0,-1,0,0,0,0,0,0,0,0,0,0,0,0,1,0,0,0,0,-1,0,0,0,0,0
layer2-head1,3,-1,-4,5,0,0,-1,0,0,0,0,0,0,0,0,-10,0,0,0,0,0,0,0,0,0,0,0,0,0,0,0,1,0,0,0,0,0,0,0,0,1,0,-1,-1,0,0
layer2-head2,-3,3,1,-3,0,0,0,0,0,0,0,0,0,1,0,10,0,0,0,1,0,0,0,0,-1,0,0,0,0,0,0,0,0,0,0,0,0,0,0,0,0,1,0,0,-1,0
layer2-head3,2,-2,0,1,0,0,0,0,0,0,0,0,0,0,0,-10,0,0,0,0,0,0,0,0,0,0,0,0,0,0,0,0,0,0,0,0,0,0,0,0,0,0,0,0,0,0
layer2-head4,-10,10,-3,-7,0,0,0,0,0,0,0,0,0,0,0,3,0,0,0,0,0,0,0,0,-1,0,0,0,0,0,1,0,0,0,0,0,0,0,0,0,0,1,0,-1,0,-1
layer2-head5,-10,9,-2,-7,0,0,0,0,-1,-1,0,0,0,0,0,-2,0,0,0,0,0,0,0,0,0,0,0,0,0,0,0,0,1,0,0,0,0,1,0,0,-1,0,0,0,0,0
layer2-head6,6,1,-10,9,0,0,0,0,0,-1,0,0,0,0,0,-9,-1,0,0,0,0,0,0,0,0,0,0,0,0,0,0,0,0,0,0,0,0,1,0,0,0,0,-2,0,1,0
layer2-head7,10,-9,0,9,0,0,0,0,0,0,0,-1,0,0,0,-7,0,0,0,0,0,0,0,0,1,0,0,0,0,0,0,0,0,0,0,0,0,-1,0,0,0,1,-1,-2,0,0
layer2-head8,-8,7,-2,-6,0,0,0,-1,0,0,0,0,0,0,0,10,0,0,0,0,0,0,0,0,0,0,0,0,0,0,0,0,0,0,0,0,0,0,0,-1,0,1,0,-2,-1,0
layer2-head9,-4,1,0,-1,0,0,0,0,0,0,0,0,0,0,-1,-10,0,0,0,0,0,0,0,0,-1,0,0,0,0,0,0,0,0,0,0,0,-1,0,0,0,0,1,-1,0,-1,0
layer2-head10,-10,8,-3,-5,0,0,0,0,0,0,0,0,0,0,0,0,0,0,0,0,0,0,0,0,0,0,0,0,0,0,0,0,0,0,0,0,0,-1,0,0,-1,1,0,-1,1,-1
layer2-head11,0,3,-2,-1,0,0,0,0,0,0,0,0,0,0,0,-10,0,0,0,0,0,0,-1,0,0,0,0,0,0,0,0,0,0,0,0,0,0,0,0,0,0,0,-1,0,0,0
layer3-head0,7,-3,-3,6,0,0,0,0,0,0,0,0,0,0,0,-10,0,0,0,0,0,0,0,0,0,0,0,0,1,-1,0,0,0,0,0,1,0,0,0,0,0,2,-2,0,0,0
layer3-head1,-8,10,-9,0,0,0,0,0,0,0,0,0,0,0,0,-6,0,0,0,0,0,0,0,0,0,0,0,0,1,0,1,0,0,0,-1,0,0,0,0,0,1,2,0,0,-1,0
layer3-head2,-10,8,1,-9,0,-1,0,0,0,0,0,0,0,0,0,-8,0,0,0,0,0,0,0,0,0,0,0,0,0,0,0,0,0,0,0,0,0,0,0,0,-1,2,0,-2,0,-1
layer3-head3,-10,8,-2,-6,0,0,0,0,-1,0,0,0,0,0,0,7,0,0,0,0,0,0,0,0,0,0,0,0,1,0,0,0,0,0,0,0,0,0,0,0,-1,1,0,0,-1,0
layer3-head4,-2,2,-1,-2,0,0,0,0,0,0,0,0,0,0,0,-10,0,0,0,0,0,0,-1,0,0,0,0,0,0,0,0,0,0,0,0,0,0,0,-1,0,0,0,-1,-1,0,0
layer3-head5,0,-1,1,0,0,0,0,0,0,0,0,0,0,0,-1,-10,0,0,0,0,0,0,-1,0,0,0,0,0,0,0,0,0,0,0,0,0,0,0,0,0,0,1,-1,-1,-1,0
layer3-head6,4,-3,-3,6,0,0,0,0,0,0,0,0,0,0,0,10,0,0,0,0,0,0,0,0,0,0,0,1,0,0,1,0,0,0,0,0,0,0,0,0,0,1,0,0,0,0
layer3-head7,-1,2,-1,-1,0,0,0,0,0,0,0,0,0,0,-1,-10,0,0,0,0,0,0,-1,0,0,0,0,0,0,0,0,0,0,0,0,0,0,0,0,0,0,1,-1,-1,0,0
layer3-head8,8,-10,4,6,0,-1,0,-1,0,0,0,0,0,0,0,6,0,0,0,0,0,0,0,0,0,0,0,0,1,0,0,0,0,0,0,0,0,0,0,0,0,3,-2,0,0,0
layer3-head9,-3,3,-1,-2,0,0,0,0,-1,0,0,0,0,0,0,-10,0,0,0,0,0,0,0,0,0,0,0,0,1,0,0,0,0,0,0,0,0,0,0,0,0,1,-2,-1,0,0
layer3-head10,0,0,-2,1,0,0,0,0,0,0,0,0,0,0,-1,-10,0,0,0,0,0,0,-1,0,0,0,0,0,0,0,0,0,0,0,0,0,0,0,0,0,-1,2,-2,-1,0,-1
layer3-head11,8,-4,0,4,0,-3,0,0,0,0,0,0,0,0,0,-10,3,0,0,0,0,0,0,0,0,0,0,0,0,0,0,0,0,0,0,0,0,0,0,0,-4,0,-5,-3,3,0
layer4-head0,-10,9,-3,-6,0,0,0,0,0,0,0,0,0,0,0,2,0,0,0,0,0,0,0,0,0,0,0,0,0,0,0,0,0,0,0,0,0,0,0,0,0,0,0,0,-1,0
layer4-head1,9,-6,-4,10,0,0,0,0,0,0,0,0,0,0,0,1,0,0,0,0,0,0,0,0,0,0,0,0,0,0,0,0,0,0,0,0,0,0,0,0,0,0,0,0,0,0
layer4-head2,-10,6,4,-9,0,0,0,0,0,0,0,1,0,0,-1,3,0,0,0,0,0,0,0,0,0,0,0,0,0,0,0,0,0,0,0,0,0,0,0,0,-1,1,-1,0,0,0
layer4-head3,10,-1,-9,10,0,0,0,0,1,0,0,0,0,0,0,5,0,0,0,0,0,0,0,0,0,0,0,1,0,0,0,0,0,0,0,2,0,0,0,0,0,2,0,0,-2,0
layer4-head4,-4,6,-10,4,0,0,0,0,0,0,0,0,0,0,0,3,0,0,1,0,0,0,0,0,0,0,0,0,0,0,0,0,0,0,1,0,0,1,0,0,-1,1,0,0,0,0
layer4-head5,-9,10,-7,-3,0,0,0,0,-1,0,0,0,0,0,0,2,0,0,0,0,0,0,0,0,0,0,0,0,0,0,0,0,0,0,0,0,0,0,0,0,0,0,0,0,0,0
layer4-head6,10,-6,-3,9,0,0,0,0,0,0,-1,0,0,0,0,5,0,0,0,0,0,0,0,0,0,0,0,0,0,0,0,0,0,0,0,1,0,0,-1,0,0,2,0,0,-1,0
layer4-head7,-10,6,4,-10,0,0,0,0,0,0,0,0,0,0,0,-4,0,0,0,0,0,0,0,0,0,0,0,0,0,0,0,0,0,0,0,1,0,0,-1,0,-1,1,0,0,-1,0
layer4-head8,-4,6,-10,4,0,0,0,0,0,0,-1,0,0,0,0,-6,0,0,0,0,0,0,0,0,0,0,0,0,0,0,0,0,0,0,0,1,0,0,0,0,-1,0,-1,0,-1,0
layer4-head9,-6,10,-10,0,0,0,0,0,0,0,0,0,0,0,0,7,0,0,0,0,0,0,0,0,0,0,0,0,0,0,0,0,1,0,0,2,0,0,-2,0,-3,2,0,0,-1,0
layer4-head10,-4,4,-3,-1,0,1,0,0,0,0,0,0,0,0,1,10,0,0,0,0,0,0,0,0,0,0,0,0,0,0,0,0,0,1,0,0,0,0,0,0,0,1,0,0,-2,0
layer4-head11,0,1,-1,0,0,0,0,0,0,0,0,0,0,0,0,10,0,0,0,0,0,0,0,0,0,0,0,0,0,0,0,0,0,0,1,1,0,0,0,0,-1,2,-1,0,-1,-1
layer5-head0,-6,8,-10,2,0,0,0,0,0,0,0,0,0,0,1,4,0,0,0,0,0,0,0,0,0,0,1,0,0,0,0,0,0,0,0,0,0,1,0,0,-1,0,-1,0,0,0
layer5-head1,2,2,-10,8,0,0,0,1,0,0,0,0,0,0,0,0,0,1,0,0,0,0,0,0,0,0,0,0,0,0,1,-1,0,0,0,1,0,0,0,0,0,0,-1,0,0,0
layer5-head2,0,-6,10,-4,0,0,0,1,0,0,0,0,0,0,0,-4,0,0,0,0,0,0,0,0,0,0,0,0,0,0,0,-1,0,0,0,2,0,0,0,0,0,2,-3,0,-1,0
layer5-head3,6,-4,2,2,0,0,0,0,0,0,0,0,0,0,0,10,0,0,0,0,0,0,0,0,0,0,0,0,0,0,0,0,0,0,0,0,0,0,0,0,0,0,0,0,-1,0
layer5-head4,-4,9,-8,0,1,2,0,0,0,0,0,0,0,0,0,10,0,0,0,0,0,0,0,1,0,0,0,0,2,0,0,2,0,0,0,0,0,0,0,0,0,0,0,0,-3,0
layer5-head5,10,-8,4,4,0,0,0,0,0,0,0,0,0,0,0,0,0,0,0,0,0,0,0,0,0,0,0,2,0,0,2,0,0,0,0,0,0,0,0,0,2,3,-2,0,-4,0
layer5-head6,-4,-1,10,-9,-1,0,0,0,0,0,0,0,0,0,0,2,0,0,0,0,-1,0,0,0,0,0,0,0,0,0,0,0,0,0,0,-1,0,0,0,0,0,0,-1,0,-1,0
layer5-head7,-9,9,-6,-3,-1,0,0,0,0,0,0,0,0,0,0,10,0,0,0,0,0,-1,0,0,0,0,0,0,0,0,1,0,1,0,0,0,0,0,0,0,0,0,-1,0,0,0
layer5-head8,-5,10,-10,0,0,0,-1,0,-1,-1,0,0,0,0,0,-2,-1,0,0,0,0,0,0,0,0,0,0,0,0,0,0,0,0,0,0,0,0,1,0,0,0,0,0,0,0,0
layer5-head9,2,2,-10,8,0,0,0,0,0,0,0,0,0,0,0,-2,0,0,0,0,0,0,0,0,-1,1,0,0,0,0,1,-1,0,0,0,0,0,0,0,0,1,0,0,0,0,0
layer5-head10,0,2,-3,2,0,0,-1,0,0,0,0,0,0,0,0,-10,0,0,0,0,0,0,0,0,0,0,0,0,0,0,0,0,0,0,0,0,0,0,0,0,0,0,0,0,-1,0
layer5-head11,-4,6,-10,4,0,0,0,0,-1,-1,0,0,0,0,0,6,0,0,0,0,0,-1,0,0,0,-1,0,0,0,0,0,0,0,0,0,0,0,0,0,0,0,0,0,0,0,1
layer6-head0,-6,8,-10,2,0,0,-1,0,0,0,0,0,0,1,0,2,0,0,0,0,0,0,0,0,0,0,0,0,0,0,0,0,-1,0,0,0,0,0,0,0,0,1,0,0,-1,0
layer6-head1,-9,10,-3,-7,0,0,0,0,0,0,0,0,0,0,0,2,0,0,0,0,0,0,0,0,0,0,0,0,0,0,0,0,0,0,0,0,0,0,0,0,0,0,0,0,0,0
layer6-head2,7,-2,-8,10,0,0,0,0,0,0,0,0,0,0,0,1,0,0,0,0,0,0,0,0,0,0,0,0,0,0,0,0,0,0,0,0,0,0,0,0,0,0,-1,0,0,0
layer6-head3,-5,10,-10,0,0,1,0,0,-1,-1,0,0,0,0,0,3,0,0,0,0,0,0,0,0,0,0,0,0,0,0,0,0,0,0,0,1,0,1,0,0,0,0,0,0,-1,0
layer6-head4,8,-8,3,5,0,0,0,-1,1,0,0,0,0,0,0,10,0,0,0,0,0,0,0,0,0,0,0,0,0,0,0,0,0,0,0,0,0,0,0,0,0,0,-1,0,-1,0
layer6-head5,-10,10,-7,-3,0,0,0,0,-1,-1,1,0,0,0,0,6,0,0,0,0,0,0,0,0,0,0,0,0,0,0,0,0,0,0,0,0,0,1,0,0,-1,0,0,0,0,0
layer6-head6,-9,10,-7,-3,0,1,0,0,0,0,0,0,0,0,0,0,0,0,0,0,0,0,0,0,0,0,0,1,0,0,0,0,0,0,0,1,0,1,0,0,0,0,-1,0,-2,0
layer6-head7,10,-8,2,6,0,0,0,2,0,0,0,0,0,0,0,8,-2,0,0,0,-2,0,0,0,0,0,0,0,0,0,0,0,0,0,0,0,0,2,0,0,2,0,0,0,0,0
layer6-head8,3,3,-10,7,0,0,0,0,0,0,0,0,0,0,0,5,0,0,0,0,0,0,0,0,0,0,0,0,0,0,0,0,0,0,0,0,0,0,0,0,0,0,-1,0,0,0
layer6-head9,-9,7,3,-10,0,1,0,0,0,0,0,0,0,0,0,2,0,0,0,0,0,0,0,0,0,0,0,0,0,0,0,0,0,0,0,0,0,0,0,0,0,0,0,1,-1,0
layer6-head10,-10,8,-7,-1,0,0,0,0,-1,-1,0,0,0,0,0,2,0,0,0,0,0,0,0,0,0,0,0,0,0,0,0,0,0,0,0,0,0,1,0,0,0,0,-1,0,0,-1
layer6-head11,6,0,-10,10,0,0,0,0,0,0,0,0,0,0,0,-3,0,0,0,0,0,0,0,0,0,0,0,0,0,0,2,0,-2,0,0,0,0,0,0,0,2,1,-2,0,-2,0
layer7-head0,-7,9,-10,1,1,1,0,0,0,-1,0,0,0,0,0,4,0,0,0,0,0,0,0,0,0,0,0,0,0,0,0,0,0,0,0,0,0,0,0,0,-1,0,-1,0,0,0
layer7-head1,0,1,-10,9,0,0,0,0,0,-1,0,0,0,0,1,1,0,0,0,0,0,0,0,0,1,0,0,0,0,0,0,0,0,0,0,0,0,1,0,0,-1,0,-1,0,0,0
layer7-head2,8,-8,5,4,0,0,0,0,1,0,0,0,0,0,0,10,0,0,0,0,0,0,0,0,0,0,0,0,0,0,0,0,0,0,1,0,0,-1,0,0,0,1,0,0,0,-1
layer7-head3,-8,9,-10,1,0,0,0,0,-1,-1,0,0,0,0,0,5,0,1,0,0,0,0,0,0,0,0,0,0,0,-1,0,0,0,0,0,0,0,0,0,0,0,0,0,1,0,0
layer7-head4,3,2,-9,7,0,0,0,0,0,0,0,0,0,-1,0,-10,0,0,0,0,0,0,0,0,0,0,0,0,0,0,-2,0,0,0,1,1,0,0,0,0,0,0,0,-1,0,0
layer7-head5,5,-3,-7,10,0,0,0,0,0,0,0,0,0,0,0,3,0,0,0,0,0,0,0,0,1,0,0,0,0,0,0,0,0,0,0,0,0,0,0,0,0,0,0,0,0,0
layer7-head6,7,-5,-5,10,0,0,0,0,0,0,0,0,0,0,0,7,0,0,0,0,0,0,0,0,0,0,0,2,2,0,2,0,0,0,0,0,0,0,0,0,0,2,0,0,-2,0
layer7-head7,7,-5,-5,10,0,1,0,0,0,0,0,0,0,0,0,8,0,0,0,-1,0,0,0,0,0,0,0,1,0,0,0,0,0,0,1,0,0,1,0,0,0,0,0,0,0,0
layer7-head8,5,-3,-7,10,0,0,0,1,0,0,0,0,0,0,0,1,0,0,0,0,0,0,0,0,1,0,0,0,0,0,0,0,0,0,0,0,0,1,0,0,0,0,-1,0,0,0
layer7-head9,3,-1,-9,10,0,0,0,0,0,-1,0,0,0,0,0,1,0,0,0,0,0,0,0,0,1,0,0,0,0,0,0,0,0,0,0,0,0,1,0,0,0,0,0,0,0,0
layer7-head10,2,2,-10,8,0,0,0,0,0,-1,1,0,0,0,0,3,0,0,0,0,0,0,0,0,0,0,0,0,0,0,0,0,0,0,0,1,0,0,0,0,0,-1,0,0,0,-1
layer7-head11,7,-6,-4,10,0,0,0,0,0,0,0,0,0,0,0,0,0,0,0,0,0,0,0,0,0,0,0,0,0,0,0,0,0,0,0,0,0,1,0,0,0,0,0,0,0,0
layer8-head0,-8,7,-10,3,0,0,0,0,0,-1,0,0,0,1,0,-1,0,0,0,0,0,0,0,-1,0,0,0,0,0,0,0,0,0,0,0,0,0,1,0,0,0,0,0,0,0,0
layer8-head1,3,-2,-8,10,0,0,0,0,0,0,0,0,0,0,0,-2,0,0,0,0,0,0,0,0,0,0,0,0,0,0,0,0,0,0,0,0,0,0,0,0,0,0,0,0,0,0
layer8-head2,4,-4,-6,10,0,0,1,1,0,0,0,0,0,0,0,2,0,0,0,0,0,0,0,0,0,0,0,0,0,0,0,0,0,0,0,0,0,0,0,0,0,0,0,0,0,0
layer8-head3,6,-6,-4,10,0,0,0,0,0,0,-4,-5,0,0,0,9,0,0,0,0,0,0,0,0,0,0,0,0,0,0,0,0,0,0,0,0,0,0,0,0,0,9,0,-4,4,0
layer8-head4,3,-4,-6,10,0,0,1,0,0,0,1,0,0,0,0,3,0,0,0,0,0,0,0,0,0,0,0,0,0,0,0,1,0,-1,1,0,0,0,0,0,0,0,0,0,0,0
layer8-head5,2,-7,-3,10,0,0,2,0,0,0,2,0,0,0,0,4,0,0,0,0,0,0,0,0,0,0,-1,0,0,0,0,1,0,0,0,0,0,0,0,0,0,0,0,0,0,-2
layer8-head6,1,0,-10,10,0,0,0,0,0,0,1,0,0,0,1,-2,0,0,0,0,0,0,0,0,0,0,0,0,0,0,0,1,0,0,0,0,0,1,0,0,0,0,0,0,0,-1
layer8-head7,8,-5,-5,10,0,0,0,0,0,0,0,0,0,0,0,-1,0,0,0,0,0,0,0,0,1,0,0,0,0,0,0,-1,0,0,0,0,0,0,0,-1,0,1,-1,0,0,0
layer8-head8,7,-4,0,3,5,4,0,0,0,0,0,0,3,0,0,-10,0,0,0,0,0,0,0,0,4,0,0,-3,0,0,0,0,0,0,0,0,0,0,0,0,0,0,0,0,0,3
layer8-head9,6,-3,-7,10,0,0,1,0,0,0,0,0,0,0,1,0,0,0,0,0,0,0,0,0,0,0,0,0,0,0,0,1,0,0,0,0,0,0,0,0,0,0,0,0,0,0
layer8-head10,4,-2,-8,10,0,0,1,0,0,0,0,0,0,0,0,-3,0,0,0,0,0,0,0,0,0,0,0,0,0,0,0,1,0,0,0,0,0,0,0,0,0,0,0,0,0,0
layer8-head11,4,-2,-8,10,0,0,1,0,0,0,0,0,0,0,0,-1,0,0,0,0,0,0,0,0,0,0,0,0,0,0,0,0,0,0,0,0,0,0,0,0,0,0,0,0,0,0
layer9-head0,-10,10,-8,-2,0,0,0,0,-1,-1,0,0,0,0,0,-2,0,0,0,0,0,0,0,0,0,0,0,1,0,-1,0,0,0,0,0,0,0,0,0,0,0,0,0,0,0,-1
layer9-head1,-9,10,-10,0,0,0,0,0,-1,-1,0,0,0,1,0,-4,0,0,0,0,0,0,0,0,0,0,0,0,0,0,0,0,0,0,0,0,0,0,0,0,0,0,0,0,-1,0
layer9-head2,-9,10,-10,0,0,0,0,0,0,-1,1,0,0,0,0,2,0,0,0,0,0,0,0,0,0,0,0,1,0,0,0,0,0,0,0,1,0,0,0,0,0,0,0,0,-1,-1
layer9-head3,-7,9,-10,1,0,0,1,0,0,-1,1,0,0,0,0,4,0,0,0,0,0,0,0,0,0,0,0,1,0,0,0,0,0,0,0,1,0,0,0,0,0,0,0,0,0,0
layer9-head4,-10,10,-8,-2,0,0,0,0,-1,-1,1,0,0,0,0,1,0,0,0,0,0,0,0,0,0,0,0,0,0,-1,0,0,0,0,0,1,0,0,0,0,0,0,0,0,0,0
layer9-head5,-7,9,-10,1,0,0,0,0,-1,-1,0,0,0,0,0,0,0,0,0,0,0,0,0,0,0,0,0,1,0,-1,0,0,0,0,0,1,-1,0,0,0,0,0,0,0,0,0
layer9-head6,-10,9,-6,-2,0,0,0,0,0,0,1,0,0,0,1,3,0,0,0,0,0,0,0,0,0,0,0,1,0,-1,0,0,0,0,0,0,0,0,0,0,0,0,0,0,0,-1
layer9-head7,-5,7,-10,3,0,0,0,0,-1,0,1,0,0,0,1,1,0,0,0,0,0,0,0,0,0,0,0,1,0,0,0,0,0,0,0,1,0,0,0,0,0,0,0,0,0,0
layer9-head8,-8,9,-10,1,0,0,0,0,0,-1,0,0,0,0,0,2,0,0,0,0,0,0,0,0,0,0,0,1,0,0,0,0,0,0,0,0,0,0,0,0,0,0,0,0,0,0
layer9-head9,-10,10,-5,-5,0,0,0,1,-1,0,1,0,0,0,0,-4,0,0,0,0,0,0,0,0,0,0,0,0,0,0,0,0,0,0,0,0,0,1,0,0,0,0,-1,0,0,0
layer9-head10,-5,7,-10,3,0,0,0,0,-1,-1,0,0,0,0,1,1,0,0,0,0,0,0,0,0,0,0,0,1,0,-1,0,0,0,0,0,0,0,0,0,0,0,0,0,0,0,0
layer9-head11,10,-9,0,9,0,0,0,2,0,0,2,0,0,0,-1,9,0,0,0,1,0,0,0,0,0,0,0,0,0,0,0,0,0,0,0,0,0,1,0,0,0,3,0,0,0,0
layer10-head0,-10,10,-9,-1,0,0,0,0,-1,-1,0,0,0,0,1,-9,0,0,0,0,0,0,0,0,0,0,0,0,0,0,0,0,0,0,0,0,0,1,0,0,0,0,0,0,0,-1
layer10-head1,-4,6,-10,4,0,0,0,0,0,-1,1,0,0,0,0,-3,0,0,0,0,0,0,0,0,0,0,0,0,0,-1,0,0,0,0,1,0,0,0,0,0,0,0,-1,0,0,0
layer10-head2,5,0,-10,10,0,0,0,0,0,-2,1,0,0,0,1,2,0,0,0,0,0,0,0,0,0,0,0,0,0,-1,0,0,0,0,1,1,0,0,0,0,0,0,0,0,0,0
layer10-head3,-4,7,-10,3,0,0,0,0,0,-1,0,0,0,0,1,-8,0,0,0,0,0,0,0,0,0,0,0,0,0,0,0,-1,0,0,0,0,-1,0,0,0,0,0,-1,0,0,0
layer10-head4,8,-4,-6,10,0,0,0,0,0,-2,0,0,0,0,1,0,0,0,0,0,0,0,0,0,0,0,0,0,0,-1,0,0,0,0,1,1,0,0,0,0,0,0,-1,0,0,0
layer10-head5,-10,10,-8,-2,0,0,0,0,0,-2,1,0,0,0,1,-1,0,0,0,0,0,0,0,0,0,0,0,0,0,-1,0,0,0,0,0,0,0,0,0,0,0,0,-1,0,0,0
layer10-head6,-10,10,-8,-2,0,0,0,0,0,-1,1,0,0,0,0,6,0,0,0,0,0,0,0,0,0,0,0,0,0,-1,0,0,0,0,0,0,-1,0,-1,0,0,0,0,0,0,0
layer10-head7,10,-9,1,8,-1,0,0,2,0,0,1,0,0,0,0,0,0,1,0,0,-1,0,0,0,0,0,0,0,0,0,0,0,0,0,0,0,0,0,0,0,0,-1,0,0,0,0
layer10-head8,-2,6,-10,4,0,0,0,0,0,-1,1,0,0,0,1,0,0,0,0,0,0,0,0,0,0,0,0,0,0,-1,0,0,0,0,1,1,0,0,0,0,0,0,0,0,0,0
layer10-head9,-10,10,-7,-3,0,0,0,0,0,-1,1,0,0,0,1,3,0,0,0,0,0,0,0,0,0,0,0,0,0,-1,0,0,0,0,0,0,0,0,0,0,0,0,-1,0,0,0
layer10-head10,9,-4,-6,10,0,0,0,0,0,-1,0,0,0,0,1,3,0,0,0,0,0,0,0,0,0,0,0,0,0,-1,0,0,0,0,1,1,0,0,0,0,0,0,0,0,0,0
layer10-head11,-8,8,-10,2,0,0,0,0,-1,-1,0,0,0,0,1,-7,0,0,0,0,0,0,0,0,0,0,0,0,0,0,0,-1,0,0,0,0,0,1,0,0,0,0,0,0,0,0
layer11-head0,8,-4,-3,8,0,0,0,0,0,0,0,0,0,1,0,-10,0,0,0,0,0,0,0,0,0,0,0,0,0,0,0,0,0,0,0,0,0,-1,0,0,1,0,-1,0,-1,0
layer11-head1,3,0,-7,7,0,0,0,0,0,-1,1,0,0,0,1,-10,0,0,0,0,0,0,0,0,0,0,0,-1,0,0,0,0,0,0,0,0,0,0,0,0,0,-1,-1,0,0,0
layer11-head2,0,1,-2,1,0,0,0,0,0,-1,0,0,0,-1,0,-10,0,0,0,0,0,0,0,0,0,0,0,-1,0,0,0,0,0,0,0,1,0,0,0,0,0,-1,0,0,0,0
layer11-head3,-10,6,3,-9,0,0,0,0,0,-3,2,0,0,-2,0,8,0,0,0,0,0,0,0,0,0,0,0,0,0,0,0,0,0,0,0,0,0,-2,0,0,0,-2,0,0,0,0
layer11-head4,7,-3,-7,10,0,0,0,1,0,0,1,0,0,0,0,-2,0,0,0,0,0,0,0,0,0,0,0,0,0,0,0,0,0,0,0,0,0,0,0,0,0,0,-1,0,0,0
layer11-head5,10,0,5,0,0,0,4,0,0,-7,4,0,0,-6,0,0,0,-4,0,0,0,0,0,0,0,0,0,0,0,0,0,0,0,0,0,0,0,-6,0,0,0,-4,-4,0,0,0
layer11-head6,3,-3,2,0,0,0,2,0,0,-2,0,0,0,-2,0,10,0,0,0,0,0,0,0,0,0,0,0,0,0,0,0,0,0,0,0,0,0,-2,0,0,0,-2,-2,0,0,0
layer11-head7,-9,6,3,-10,0,0,0,0,0,-4,3,0,0,-3,0,10,0,0,0,0,0,0,0,0,0,0,0,0,0,0,0,0,0,0,0,0,0,-3,0,0,0,-3,0,0,0,0
layer11-head8,10,-4,0,2,3,0,3,0,0,-4,2,0,0,-4,0,0,0,0,0,0,0,0,0,0,0,0,0,0,0,0,0,0,0,0,0,0,0,-3,0,0,0,0,-2,0,0,0
layer11-head9,-5,6,-6,0,0,0,0,0,0,-1,0,0,0,0,1,-10,0,0,0,0,0,0,0,0,0,0,0,-1,0,0,0,0,0,0,0,0,0,0,0,0,0,-1,0,1,0,-1
layer11-head10,-6,0,8,-10,0,0,3,0,0,-5,3,0,0,-4,0,0,0,0,0,0,0,0,0,0,0,0,0,0,0,0,0,0,0,0,0,0,0,-4,0,0,0,-3,-3,0,0,0
layer11-head11,-10,5,0,-6,0,0,2,0,0,-4,3,0,0,-3,0,0,0,0,0,0,0,0,0,0,0,0,0,0,-2,0,0,0,0,0,0,0,0,0,0,0,0,-3,0,0,0,-2
